{
  "religions": [
    "Hinduism",
    "Islam",
    "Christianity",
    "Sikhism",
    "Buddhism",
    "Jainism",
    "Zoroastrianism",
    "Judaism",
    "Bahai Faith",
    "Other"
  ],
  "departments": [
    "Information Technology",
    "Software Development",
    "Human Resources",
    "Finance",
    "Accounting",
    "Marketing",
    "Sales",
    "Operations",
    "Administration",
    "Customer Service",
    "Business Development",
    "Product Management",
    "Project Management",
    "Quality Assurance",
    "Data Science",
    "Data Analytics",
    "UI/UX Design",
    "Graphic Design",
    "Content Writing",
    "Digital Marketing",
    "SEO/SEM",
    "Public Relations",
    "Legal",
    "Compliance",
    "Research and Development",
    "Engineering",
    "Manufacturing",
    "Supply Chain",
    "Logistics",
    "Procurement",
    "Healthcare",
    "Nursing",
    "Pharmaceuticals",
    "Hospitality",
    "Tourism",
    "Education",
    "Training",
    "Real Estate",
    "Construction",
    "Architecture",
    "Consulting",
    "Strategy",
    "Investment Banking",
    "Risk Management",
    "Audit",
    "Tax",
    "Banking",
    "Insurance",
    "Media",
    "Entertainment",
    "Broadcasting",
    "Journalism",
    "Publishing",
    "Retail",
    "E-commerce",
    "Fashion",
    "Agriculture",
    "Environmental Science",
    "Security",
    "Facility Management",
    "Transportation",
    "Aviation",
    "Telecommunications",
    "Energy",
    "Mining",
    "Oil and Gas",
    "Biotechnology",
    "Cybersecurity",
    "Cloud Computing",
    "Artificial Intelligence",
    "Machine Learning",
    "Blockchain",
    "DevOps",
    "Network Administration",
    "Database Administration",
    "Mobile Development",
    "Web Development",
    "Game Development",
    "Technical Support",
    "IT Support",
    "Business Intelligence",
    "Analytics"
  ],
  "languages": [
    "Hindi",
    "English",
    "Bengali",
    "Telugu",
    "Marathi",
    "Tamil",
    "Urdu",
    "Gujarati",
    "Kannada",
    "Malayalam",
    "Odia",
    "Punjabi",
    "Assamese",
    "Maithili",
    "Sanskrit",
    "Konkani",
    "Nepali",
    "Sindhi",
    "Dogri",
    "Kashmiri",
    "Manipuri",
    "Bodo",
    "Santali",
    "Arabic",
    "Chinese",
    "French",
    "German",
    "Spanish",
    "Japanese",
    "Korean",
    "Russian",
    "Portuguese"
  ],
  "skills": [
    "Python",
    "Java",
    "JavaScript",
    "TypeScript",
    "C++",
    "C#",
    "PHP",
    "Ruby",
    "Go",
    "Rust",
    "Swift",
    "Kotlin",
    "React",
    "Angular",
    "Vue.js",
    "Node.js",
    "Django",
    "Flask",
    "Spring Boot",
    "ASP.NET",
    "Laravel",
    "Ruby on Rails",
    "Express.js",
    "Next.js",
    "React Native",
    "Flutter",
    "Android Development",
    "iOS Development",
    "SQL",
    "MySQL",
    "PostgreSQL",
    "MongoDB",
    "Oracle",
    "Redis",
    "Elasticsearch",
    "AWS",
    "Azure",
    "Google Cloud",
    "Docker",
    "Kubernetes",
    "Jenkins",
    "Git",
    "CI/CD",
    "Agile",
    "Scrum",
    "HTML",
    "CSS",
    "SASS",
    "Bootstrap",
    "Tailwind CSS",
    "RESTful API",
    "GraphQL",
    "Microservices",
    "System Design",
    "Data Structures",
    "Algorithms",
    "Machine Learning",
    "Deep Learning",
    "TensorFlow",
    "PyTorch",
    "NLP",
    "Computer Vision",
    "Data Analysis",
    "Excel",
    "Power BI",
    "Tableau",
    "R",
    "MATLAB",
    "Salesforce",
    "SAP",
    "ERP",
    "CRM",
    "Digital Marketing",
    "SEO",
    "SEM",
    "Google Analytics",
    "Content Marketing",
    "Social Media Marketing",
    "Email Marketing",
    "Copywriting",
    "Adobe Photoshop",
    "Adobe Illustrator",
    "Figma",
    "Sketch",
    "UI/UX Design",
    "Wireframing",
    "Prototyping",
    "Financial Analysis",
    "Accounting",
    "Taxation",
    "Budgeting",
    "Forecasting",
    "Financial Modeling",
    "Investment Analysis",
    "Risk Management",
    "Audit",
    "Compliance",
    "Legal Research",
    "Contract Management",
    "Negotiation",
    "Communication",
    "Leadership",
    "Team Management",
    "Problem Solving",
    "Critical Thinking",
    "Time Management",
    "Project Management",
    "Strategic Planning",
    "Business Analysis",
    "Customer Relationship Management",
    "Sales",
    "Business Development",
    "Presentation Skills",
    "Public Speaking"
  ],
  "education_levels": [
    "10th Pass",
    "12th Pass",
    "Diploma",
    "ITI",
    "Bachelor's Degree",
    "B.Tech/B.E.",
    "BCA",
    "BBA",
    "B.Com",
    "B.Sc",
    "BA",
    "LLB",
    "MBBS",
    "BDS",
    "B.Pharma",
    "B.Arch",
    "Master's Degree",
    "M.Tech/M.E.",
    "MCA",
    "MBA",
    "M.Com",
    "M.Sc",
    "MA",
    "LLM",
    "MD",
    "MS",
    "M.Pharma",
    "M.Arch",
    "PhD",
    "Other"
  ],
  "states": [
    {
      "name": "Andhra Pradesh",
      "cities": [
        "Visakhapatnam",
        "Vijayawada",
        "Guntur",
        "Nellore",
        "Kurnool",
        "Kakinada",
        "Rajahmundry",
        "Tirupati",
        "Kadapa",
        "Anantapur",
        "Vizianagaram",
        "Eluru",
        "Ongole",
        "Nandyal",
        "Machilipatnam",
        "Adoni",
        "Tenali",
        "Chittoor",
        "Hindupur",
        "Proddatur",
        "Bhimavaram",
        "Madanapalle",
        "Guntakal",
        "Dharmavaram",
        "Gudivada",
        "Srikakulam",
        "Narasaraopet",
        "Rajampet",
        "Tadpatri",
        "Tadepalligudem"
      ]
    },
    {
      "name": "Arunachal Pradesh",
      "cities": [
        "Itanagar",
        "Naharlagun",
        "Pasighat",
        "Tawang",
        "Ziro",
        "Bomdila",
        "Tezu",
        "Seppa",
        "Changlang",
        "Anini"
      ]
    },
    {
      "name": "Assam",
      "cities": [
        "Guwahati",
        "Silchar",
        "Dibrugarh",
        "Jorhat",
        "Nagaon",
        "Tinsukia",
        "Tezpur",
        "Bongaigaon",
        "Karimganj",
        "Dhubri",
        "Goalpara",
        "Barpeta",
        "Sivasagar",
        "North Lakhimpur",
        "Diphu",
        "Hojai",
        "Mangaldoi",
        "Kokrajhar",
        "Hailakandi",
        "Morigaon"
      ]
    },
    {
      "name": "Bihar",
      "cities": [
        "Patna",
        "Gaya",
        "Bhagalpur",
        "Muzaffarpur",
        "Purnia",
        "Darbhanga",
        "Bihar Sharif",
        "Arrah",
        "Begusarai",
        "Katihar",
        "Munger",
        "Chhapra",
        "Danapur",
        "Saharsa",
        "Sasaram",
        "Hajipur",
        "Dehri",
        "Siwan",
        "Motihari",
        "Nawada",
        "Bagaha",
        "Buxar",
        "Kishanganj",
        "Sitamarhi",
        "Jamalpur",
        "Jehanabad",
        "Aurangabad"
      ]
    },
    {
      "name": "Chhattisgarh",
      "cities": [
        "Raipur",
        "Bhilai",
        "Bilaspur",
        "Korba",
        "Durg",
        "Rajnandgaon",
        "Jagdalpur",
        "Raigarh",
        "Ambikapur",
        "Mahasamund",
        "Dhamtari",
        "Chirmiri",
        "Bhatapara",
        "Dalli-Rajhara",
        "Naila Janjgir",
        "Tilda Newra",
        "Mungeli",
        "Manendragarh",
        "Sakti"
      ]
    },
    {
      "name": "Goa",
      "cities": [
        "Panaji",
        "Margao",
        "Vasco da Gama",
        "Mapusa",
        "Ponda",
        "Bicholim",
        "Curchorem",
        "Sanquelim",
        "Cuncolim",
        "Quepem"
      ]
    },
    {
      "name": "Gujarat",
      "cities": [
        "Ahmedabad",
        "Surat",
        "Vadodara",
        "Rajkot",
        "Bhavnagar",
        "Jamnagar",
        "Junagadh",
        "Gandhinagar",
        "Anand",
        "Nadiad",
        "Morbi",
        "Surendranagar",
        "Bharuch",
        "Mehsana",
        "Bhuj",
        "Porbandar",
        "Palanpur",
        "Valsad",
        "Vapi",
        "Navsari",
        "Veraval",
        "Godhra",
        "Patan",
        "Kalol",
        "Dahod",
        "Botad",
        "Amreli",
        "Deesa",
        "Jetpur"
      ]
    },
    {
      "name": "Haryana",
      "cities": [
        "Faridabad",
        "Gurgaon",
        "Hisar",
        "Rohtak",
        "Panipat",
        "Karnal",
        "Sonipat",
        "Yamunanagar",
        "Panchkula",
        "Bhiwani",
        "Bahadurgarh",
        "Jind",
        "Sirsa",
        "Thanesar",
        "Kaithal",
        "Palwal",
        "Rewari",
        "Hansi",
        "Narnaul",
        "Fatehabad",
        "Gohana",
        "Tohana",
        "Narwana"
      ]
    },
    {
      "name": "Himachal Pradesh",
      "cities": [
        "Shimla",
        "Dharamshala",
        "Solan",
        "Mandi",
        "Palampur",
        "Baddi",
        "Nahan",
        "Una",
        "Kullu",
        "Hamirpur",
        "Bilaspur",
        "Chamba",
        "Kangra",
        "Sundarnagar",
        "Parwanoo",
        "Manali",
        "Dalhousie"
      ]
    },
    {
      "name": "Jharkhand",
      "cities": [
        "Ranchi",
        "Jamshedpur",
        "Dhanbad",
        "Bokaro Steel City",
        "Deoghar",
        "Phusro",
        "Hazaribagh",
        "Giridih",
        "Ramgarh",
        "Medininagar",
        "Chirkunda",
        "Dumka",
        "Sahibganj",
        "Chaibasa",
        "Gumla",
        "Saunda",
        "Madhupur",
        "Chatra",
        "Ghatshila",
        "Simdega"
      ]
    },
    {
      "name": "Karnataka",
      "cities": [
        "Bangalore",
        "Mysore",
        "Hubli",
        "Mangalore",
        "Belgaum",
        "Gulbarga",
        "Davanagere",
        "Bellary",
        "Bijapur",
        "Shimoga",
        "Tumkur",
        "Raichur",
        "Bidar",
        "Hospet",
        "Hassan",
        "Gadag-Betageri",
        "Udupi",
        "Robertson Pet",
        "Bhadravati",
        "Chitradurga",
        "Kolar",
        "Mandya",
        "Chikmagalur",
        "Gangavati",
        "Bagalkot",
        "Ranebennuru"
      ]
    },
    {
      "name": "Kerala",
      "cities": [
        "Thiruvananthapuram",
        "Kochi",
        "Kozhikode",
        "Thrissur",
        "Kollam",
        "Palakkad",
        "Alappuzha",
        "Malappuram",
        "Kannur",
        "Kottayam",
        "Kasaragod",
        "Wayanad",
        "Pathanamthitta",
        "Idukki",
        "Ernakulam",
        "Thrippunithura",
        "Vatakara",
        "Kanhangad",
        "Taliparamba",
        "Koyilandy",
        "Neyyattinkara",
        "Kayamkulam",
        "Nedumangad",
        "Kannur Cantonment",
        "Kottakkal",
        "Ottappalam",
        "Tirur",
        "Thodupuzha",
        "Perinthalmanna",
        "Chalakudy"
      ]
    },
    {
      "name": "Madhya Pradesh",
      "cities": [
        "Indore",
        "Bhopal",
        "Jabalpur",
        "Gwalior",
        "Ujjain",
        "Sagar",
        "Dewas",
        "Satna",
        "Ratlam",
        "Rewa",
        "Murwara",
        "Singrauli",
        "Burhanpur",
        "Khandwa",
        "Morena",
        "Bhind",
        "Chhindwara",
        "Guna",
        "Shivpuri",
        "Vidisha",
        "Chhatarpur",
        "Damoh",
        "Mandsaur",
        "Khargone",
        "Neemuch",
        "Pithampur",
        "Hoshangabad",
        "Itarsi",
        "Sehore",
        "Betul"
      ]
    },
    {
      "name": "Maharashtra",
      "cities": [
        "Mumbai",
        "Pune",
        "Nagpur",
        "Thane",
        "Nashik",
        "Kalyan-Dombivali",
        "Vasai-Virar",
        "Solapur",
        "Mira-Bhayandar",
        "Bhiwandi",
        "Amravati",
        "Nanded-Waghala",
        "Kolhapur",
        "Ulhasnagar",
        "Sangli-Miraj-Kupwad",
        "Malegaon",
        "Akola",
        "Latur",
        "Dhule",
        "Ahmednagar",
        "Ichalkaranji",
        "Parbhani",
        "Panvel",
        "Yavatmal",
        "Achalpur",
        "Osmanabad",
        "Nandurbar",
        "Satara",
        "Wardha",
        "Udgir",
        "Aurangabad",
        "Amalner",
        "Jalgaon",
        "Gondia",
        "Jalna",
        "Beed",
        "Ratnagiri",
        "Chandrapur",
        "Palghar",
        "Ambarnath"
      ]
    },
    {
      "name": "Manipur",
      "cities": [
        "Imphal",
        "Thoubal",
        "Bishnupur",
        "Churachandpur",
        "Kakching",
        "Ukhrul",
        "Senapati",
        "Tamenglong",
        "Jiribam",
        "Moreh"
      ]
    },
    {
      "name": "Meghalaya",
      "cities": [
        "Shillong",
        "Tura",
        "Nongstoin",
        "Jowai",
        "Baghmara",
        "Williamnagar",
        "Nongpoh",
        "Mairang",
        "Cherrapunji",
        "Resubelpara"
      ]
    },
    {
      "name": "Mizoram",
      "cities": [
        "Aizawl",
        "Lunglei",
        "Champhai",
        "Serchhip",
        "Kolasib",
        "Saiha",
        "Lawngtlai",
        "Mamit"
      ]
    },
    {
      "name": "Nagaland",
      "cities": [
        "Kohima",
        "Dimapur",
        "Mokokchung",
        "Tuensang",
        "Wokha",
        "Zunheboto",
        "Phek",
        "Mon",
        "Kiphire",
        "Longleng",
        "Peren"
      ]
    },
    {
      "name": "Odisha",
      "cities": [
        "Bhubaneswar",
        "Cuttack",
        "Rourkela",
        "Brahmapur",
        "Sambalpur",
        "Puri",
        "Balasore",
        "Bhadrak",
        "Baripada",
        "Jharsuguda",
        "Jeypore",
        "Bargarh",
        "Rayagada",
        "Balangir",
        "Bhawanipatna",
        "Dhenkanal",
        "Barbil",
        "Kendujhar",
        "Sunabeda",
        "Paradip",
        "Jatani",
        "Byasanagar",
        "Kendrapara",
        "Rajagangapur",
        "Talcher",
        "Jajpur"
      ]
    },
    {
      "name": "Punjab",
      "cities": [
        "Ludhiana",
        "Amritsar",
        "Jalandhar",
        "Patiala",
        "Bathinda",
        "Mohali",
        "Pathankot",
        "Hoshiarpur",
        "Batala",
        "Moga",
        "Malerkotla",
        "Khanna",
        "Phagwara",
        "Muktsar",
        "Barnala",
        "Rajpura",
        "Firozpur",
        "Kapurthala",
        "Faridkot",
        "Sunam",
        "Sangrur",
        "Gurdaspur",
        "Fazilka",
        "Abohar",
        "Mansa",
        "Nabha",
        "Tarn Taran"
      ]
    },
    {
      "name": "Rajasthan",
      "cities": [
        "Jaipur",
        "Jodhpur",
        "Kota",
        "Bikaner",
        "Udaipur",
        "Ajmer",
        "Bhilwara",
        "Alwar",
        "Bharatpur",
        "Sri Ganganagar",
        "Pali",
        "Sikar",
        "Tonk",
        "Kishangarh",
        "Beawar",
        "Hanumangarh",
        "Bharatpur",
        "Barmer",
        "Chittorgarh",
        "Churu",
        "Dhaulpur",
        "Jaisalmer",
        "Jhalawar",
        "Jhunjhunu",
        "Nagaur",
        "Sawai Madhopur",
        "Banswara",
        "Baran",
        "Bundi",
        "Dungarpur",
        "Karauli",
        "Pratapgarh",
        "Rajsamand"
      ]
    },
    {
      "name": "Sikkim",
      "cities": [
        "Gangtok",
        "Namchi",
        "Gyalshing",
        "Mangan",
        "Rangpo",
        "Singtam",
        "Jorethang",
        "Ravangla"
      ]
    },
    {
      "name": "Tamil Nadu",
      "cities": [
        "Chennai",
        "Coimbatore",
        "Madurai",
        "Tiruchirappalli",
        "Salem",
        "Tirunelveli",
        "Tiruppur",
        "Ranipet",
        "Nagercoil",
        "Thanjavur",
        "Vellore",
        "Kancheepuram",
        "Erode",
        "Tiruvannamalai",
        "Pollachi",
        "Rajapalayam",
        "Sivakasi",
        "Pudukkottai",
        "Neyveli",
        "Nagapattinam",
        "Viluppuram",
        "Tiruchengode",
        "Vaniyambadi",
        "Theni Allinagaram",
        "Udhagamandalam",
        "Aruppukkottai",
        "Paramakudi",
        "Arakkonam",
        "Virudhachalam",
        "Srivilliputhur",
        "Tindivanam",
        "Virudhunagar",
        "Karur",
        "Cuddalore",
        "Kumbakonam",
        "Dindigul",
        "Hosur"
      ]
    },
    {
      "name": "Telangana",
      "cities": [
        "Hyderabad",
        "Warangal",
        "Nizamabad",
        "Khammam",
        "Karimnagar",
        "Ramagundam",
        "Mahbubnagar",
        "Nalgonda",
        "Adilabad",
        "Suryapet",
        "Siddipet",
        "Miryalaguda",
        "Jagtial",
        "Mancherial",
        "Nirmal",
        "Kothagudem",
        "Bodhan",
        "Sangareddy",
        "Metpally",
        "Zahirabad",
        "Kamareddy",
        "Gadwal",
        "Wanaparthy",
        "Bhainsa",
        "Bellampalle",
        "Tandur",
        "Jangaon",
        "Bhongir",
        "Vikarabad",
        "Narayanpet"
      ]
    },
    {
      "name": "Tripura",
      "cities": [
        "Agartala",
        "Udaipur",
        "Dharmanagar",
        "Pratapgarh",
        "Kailasahar",
        "Belonia",
        "Khowai",
        "Amarpur",
        "Ambassa",
        "Kamalpur"
      ]
    },
    {
      "name": "Uttar Pradesh",
      "cities": [
        "Lucknow",
        "Kanpur",
        "Ghaziabad",
        "Agra",
        "Varanasi",
        "Meerut",
        "Allahabad",
        "Bareilly",
        "Aligarh",
        "Moradabad",
        "Saharanpur",
        "Gorakhpur",
        "Noida",
        "Firozabad",
        "Jhansi",
        "Muzaffarnagar",
        "Mathura",
        "Rampur",
        "Shahjahanpur",
        "Farrukhabad-cum-Fatehgarh",
        "Maunath Bhanjan",
        "Hapur",
        "Ayodhya",
        "Etawah",
        "Mirzapur-cum-Vindhyachal",
        "Bulandshahr",
        "Sambhal",
        "Amroha",
        "Hardoi",
        "Fatehpur",
        "Raebareli",
        "Orai",
        "Sitapur",
        "Bahraich",
        "Modinagar",
        "Unnao",
        "Jaunpur",
        "Lakhimpur",
        "Hathras",
        "Banda",
        "Pilibhit",
        "Barabanki",
        "Khurja",
        "Gonda",
        "Mainpuri",
        "Lalitpur",
        "Etah",
        "Deoria",
        "Badaun",
        "Budaun",
        "Kasganj",
        "Vrindavan",
        "Najibabad",
        "Greater Noida"
      ]
    },
    {
      "name": "Uttarakhand",
      "cities": [
        "Dehradun",
        "Haridwar",
        "Roorkee",
        "Haldwani",
        "Rudrapur",
        "Kashipur",
        "Rishikesh",
        "Pithoragarh",
        "Ramnagar",
        "Manglaur",
        "Nainital",
        "Mussoorie",
        "Tehri",
        "Pauri",
        "Bageshwar",
        "Rudraprayag",
        "Champawat",
        "Almora",
        "Kotdwar"
      ]
    },
    {
      "name": "West Bengal",
      "cities": [
        "Kolkata",
        "Howrah",
        "Durgapur",
        "Asansol",
        "Siliguri",
        "Bardhaman",
        "Malda",
        "Baharampur",
        "Habra",
        "Kharagpur",
        "Shantipur",
        "Dankuni",
        "Dhulian",
        "Ranaghat",
        "Haldia",
        "Raiganj",
        "Krishnanagar",
        "Nabadwip",
        "Medinipur",
        "Jalpaiguri",
        "Balurghat",
        "Basirhat",
        "Bankura",
        "Chakdaha",
        "Darjeeling",
        "Alipurduar",
        "Purulia",
        "Jangipur",
        "Bolpur",
        "Bangaon",
        "CoochBehar"
      ]
    },
    {
      "name": "Delhi",
      "cities": [
        "New Delhi",
        "Delhi",
        "Dwarka",
        "Rohini",
        "Janakpuri",
        "Karol Bagh",
        "Connaught Place",
        "Lajpat Nagar",
        "Saket",
        "Vasant Kunj",
        "Mayur Vihar",
        "Pitampura",
        "Punjabi Bagh",
        "Rajouri Garden",
        "Shahdara",
        "Preet Vihar",
        "Uttam Nagar",
        "Narela",
        "Najafgarh"
      ]
    },
    {
      "name": "Chandigarh",
      "cities": [
        "Chandigarh"
      ]
    },
    {
      "name": "Puducherry",
      "cities": [
        "Puducherry",
        "Karaikal",
        "Mahe",
        "Yanam"
      ]
    },
    {
      "name": "Jammu and Kashmir",
      "cities": [
        "Srinagar",
        "Jammu",
        "Anantnag",
        "Baramulla",
        "Sopore",
        "Kathua",
        "Udhampur",
        "Rajouri",
        "Poonch",
        "Pulwama",
        "Kupwara",
        "Bandipore",
        "Ganderbal",
        "Budgam",
        "Doda",
        "Kishtwar",
        "Ramban",
        "Reasi",
        "Samba"
      ]
    },
    {
      "name": "Ladakh",
      "cities": [
        "Leh",
        "Kargil",
        "Nubra",
        "Zanskar"
      ]
    },
    {
      "name": "Andaman and Nicobar Islands",
      "cities": [
        "Port Blair",
        "Diglipur",
        "Car Nicobar",
        "Havelock Island",
        "Neil Island"
      ]
    },
    {
      "name": "Dadra and Nagar Haveli and Daman and Diu",
      "cities": [
        "Daman",
        "Diu",
        "Silvassa"
      ]
    },
    {
      "name": "Lakshadweep",
      "cities": [
        "Kavaratti",
        "Agatti",
        "Minicoy",
        "Andrott",
        "Amini"
      ]
    }
  ]
}
